City_Name,City,Country,Lat,Lng,Max Temp,Humidity,Cloudiness,Wind Speed,Description
0,Yar-Sale,RU,66.8333,70.8333,15.04,86,100,8.77,overcast clouds
1,Lebu,CL,-37.6167,-73.65,52.25,91,21,7.14,few clouds
2,Namtsy,RU,62.7161,129.6658,33.21,80,100,13.15,overcast clouds
3,Kashary,RU,49.04,41.0056,53.94,68,100,9.33,overcast clouds
4,Progreso,MX,21.2833,-89.6667,82.11,80,0,15.12,clear sky
5,Biak,ID,-0.9131,122.8766,83.35,66,100,1.86,overcast clouds
6,Ushuaia,AR,-54.8,-68.3,44.26,93,100,9.22,overcast clouds
7,Talaya,RU,61.3833,152.75,16.11,71,100,0.94,overcast clouds
8,Albany,US,42.6001,-73.9662,39.58,62,7,1.01,clear sky
9,Punta Arenas,CL,-53.15,-70.9167,42.91,81,75,5.75,broken clouds
10,Kodiak,US,57.79,-152.4072,40.51,65,100,13.8,overcast clouds
11,Boa Vista,BR,2.8197,-60.6733,82.38,65,40,10.36,scattered clouds
12,Esperance,AU,-33.8667,121.9,66.04,58,45,8.84,scattered clouds
13,Longyearbyen,SJ,78.2186,15.6401,21.04,86,100,4.61,light snow
14,Socorro,US,31.6546,-106.3033,82.18,5,20,6.91,few clouds
15,Hofn,IS,64.2539,-15.2082,44.17,72,7,8.81,clear sky
16,Atuona,PF,-9.8,-139.0333,79.74,79,12,18.3,few clouds
17,Butaritari,KI,3.0707,172.7902,81.59,73,30,12.71,scattered clouds
18,Noumea,NC,-22.2763,166.4572,82.99,99,36,8.25,scattered clouds
19,Huron,US,41.1501,-82.5499,36.72,77,55,8.03,broken clouds
20,Grand-Santi,GF,4.25,-54.3833,71.76,99,81,2.35,broken clouds
21,Clyde River,CA,70.4692,-68.5914,-14.57,76,100,4.61,light snow
22,Rikitea,PF,-23.1203,-134.9692,78.48,63,2,10.27,clear sky
23,Malakal,SS,9.5334,31.6605,84.07,46,9,4.34,clear sky
24,Coihaique,CL,-45.5752,-72.0662,52.41,71,100,6.91,overcast clouds
25,Hithadhoo,MV,-0.6,73.0833,82.99,75,29,10.4,scattered clouds
26,Kupang,ID,-10.1667,123.5833,85.55,65,39,2.73,scattered clouds
27,Chokurdakh,RU,70.6333,147.9167,14.13,88,36,4.83,scattered clouds
28,Pacific Grove,US,36.6177,-121.9166,60.03,74,0,4.61,clear sky
29,East London,ZA,-33.0153,27.9116,64.58,83,5,13.53,clear sky
30,Bluff,NZ,-46.6,168.3333,61.81,62,68,2.71,broken clouds
31,New Norfolk,AU,-42.7826,147.0587,60.93,45,100,4.0,overcast clouds
32,Cape Coast,GH,5.1053,-1.2466,79.47,86,77,8.95,broken clouds
33,Puerto Ayora,EC,-0.7393,-90.3518,75.16,95,100,7.2,light rain
34,Humaita,BR,-7.5061,-63.0208,74.08,97,100,0.85,overcast clouds
35,Sembe,CG,1.6481,14.5806,70.23,98,99,1.57,light rain
36,Saldanha,ZA,-33.0117,17.9442,53.65,75,42,9.71,scattered clouds
37,Mataura,NZ,-46.1927,168.8643,61.48,46,20,2.84,few clouds
38,Jamestown,US,42.097,-79.2353,34.02,53,0,4.61,clear sky
39,Jalu,LY,29.0331,21.5482,60.04,77,100,13.91,overcast clouds
40,Canals,ES,38.9625,-0.5844,57.06,87,77,0.58,broken clouds
41,Port Elizabeth,ZA,-33.918,25.5701,63.32,97,75,9.22,light rain
42,Prince Rupert,CA,54.3161,-130.3201,46.49,66,0,12.66,clear sky
43,Khatanga,RU,71.9667,102.5,7.77,93,92,14.45,overcast clouds
44,Ketchikan,US,55.3422,-131.6461,48.67,31,0,5.75,clear sky
45,Saskylakh,RU,71.9167,114.0833,29.44,96,100,10.02,light snow
46,Upernavik,GL,72.7868,-56.1549,-3.59,90,100,12.37,overcast clouds
47,Kaitangata,NZ,-46.2817,169.8464,59.22,56,11,3.85,few clouds
48,Moguer,ES,37.2756,-6.8385,62.71,60,74,1.99,broken clouds
49,Busselton,AU,-33.65,115.3333,63.68,59,92,4.16,overcast clouds
50,Hobart,AU,-42.8794,147.3294,61.27,67,75,4.61,broken clouds
51,Talnakh,RU,69.4865,88.3972,4.21,93,100,5.21,overcast clouds
52,College,US,64.8569,-147.8028,41.22,28,20,8.05,few clouds
53,Hilo,US,19.7297,-155.09,76.28,90,75,6.91,heavy intensity rain
54,Kurtamysh,RU,54.9103,64.4319,37.51,73,32,5.68,scattered clouds
55,Ancud,CL,-41.8697,-73.8203,56.23,89,87,6.58,overcast clouds
56,Severo-Kurilsk,RU,50.6789,156.125,32.07,82,100,7.58,overcast clouds
57,Pevek,RU,69.7008,170.3133,12.06,83,28,2.59,scattered clouds
58,Isla Vista,US,34.4133,-119.861,65.79,70,0,3.44,clear sky
59,Belyy Yar,RU,53.6039,91.3903,55.85,41,0,6.71,clear sky
60,Barrow,US,71.2906,-156.7887,8.62,78,0,8.05,clear sky
61,Manzhouli,CN,49.6,117.4333,54.73,45,100,19.53,overcast clouds
62,Sao Joao Da Barra,BR,-21.6403,-41.0511,68.94,78,0,10.58,clear sky
63,Cumberland,US,35.0502,-78.8664,64.9,53,0,19.57,clear sky
64,Mogadishu,SO,2.0371,45.3438,82.4,81,94,9.86,overcast clouds
65,Arraial Do Cabo,BR,-22.9661,-42.0278,72.18,71,0,7.38,clear sky
66,Yabrud,SY,33.9674,36.6574,60.26,18,95,6.24,overcast clouds
67,Vaini,TO,-21.2,-175.2,84.36,84,75,8.05,broken clouds
68,Cape Town,ZA,-33.9258,18.4232,61.92,80,0,9.22,clear sky
69,Stornoway,GB,58.2093,-6.3865,48.16,93,75,20.71,broken clouds
70,Kapaa,US,22.0752,-159.319,82.38,85,40,18.41,light rain
71,Batsfjord,NO,70.6345,29.7185,40.78,87,100,11.5,overcast clouds
72,Saint George,US,37.1041,-113.5841,79.39,11,0,11.5,clear sky
73,Vila Velha,BR,-20.3297,-40.2925,75.15,81,40,9.22,scattered clouds
74,Beringovskiy,RU,63.05,179.3167,31.28,95,100,7.87,light snow
75,Yellowknife,CA,62.456,-114.3525,18.12,57,20,5.75,few clouds
76,Mponela,MW,-13.5319,33.7401,61.07,97,13,4.72,few clouds
77,Henties Bay,NA,-22.116,14.2845,61.68,77,7,1.41,clear sky
78,Mar Del Plata,AR,-38.0023,-57.5575,63.09,92,0,11.01,clear sky
79,Pochutla,MX,15.7432,-96.4661,81.82,68,14,6.89,few clouds
80,Vila Franca Do Campo,PT,37.7167,-25.4333,57.61,73,88,12.3,overcast clouds
81,Charagua,BO,-19.8,-63.2167,58.1,59,11,4.92,few clouds
82,Thompson,CA,55.7435,-97.8558,24.96,46,40,0.0,scattered clouds
83,Campestre,BR,-21.7111,-46.2464,55.83,82,28,3.58,scattered clouds
84,Vostok,RU,46.4856,135.8833,38.77,51,99,9.57,overcast clouds
85,Saint-Philippe,RE,-21.3585,55.7679,74.21,89,14,9.46,light rain
86,Moron,AR,-34.6534,-58.6198,65.97,87,100,5.95,overcast clouds
87,Raichur,IN,16.2,77.3667,84.87,48,74,5.79,broken clouds
88,Lompoc,US,34.6391,-120.4579,61.79,78,0,14.97,clear sky
89,Sioux Lookout,CA,50.1001,-91.917,24.87,86,75,2.3,broken clouds
90,Mbeya,TZ,-8.9,33.45,57.69,97,62,4.29,broken clouds
91,Magadan,RU,59.5667,150.8,26.6,73,100,2.04,overcast clouds
92,Torbay,CA,47.6666,-52.7314,52.57,93,75,25.32,broken clouds
93,Avera,US,33.194,-82.5271,71.11,81,99,2.19,overcast clouds
94,Baruun-Urt,MN,46.6806,113.2792,55.24,27,3,16.55,clear sky
95,Norman Wells,CA,65.282,-126.8329,24.84,33,20,5.75,few clouds
96,Uyuni,BO,-20.4597,-66.825,43.7,15,0,9.13,clear sky
97,Port Alfred,ZA,-33.5906,26.891,59.18,94,47,12.37,scattered clouds
98,Bredasdorp,ZA,-34.5322,20.0403,60.62,91,100,3.65,overcast clouds
99,Hasaki,JP,35.7333,140.8333,68.29,66,100,12.03,moderate rain
100,Taber,CA,49.8167,-112.1518,38.16,44,36,6.2,scattered clouds
101,Deputatskiy,RU,69.3,139.9,9.59,91,97,4.21,overcast clouds
102,Dawson Creek,CA,55.7666,-120.2362,26.24,63,100,11.5,overcast clouds
103,Waverley,ZA,-25.7023,28.2591,58.53,97,100,2.3,overcast clouds
104,Hervey Bay,AU,-25.2986,152.8535,75.83,55,48,10.25,scattered clouds
105,Mount Gambier,AU,-37.8333,140.7667,58.91,88,100,10.36,overcast clouds
106,Aklavik,CA,68.2191,-135.0107,19.85,85,91,11.25,overcast clouds
107,Kushmurun,KZ,52.4503,64.6311,45.36,57,100,8.21,overcast clouds
108,Ballina,AU,-28.8667,153.5667,75.38,69,100,9.22,overcast clouds
109,Nuuk,GL,64.1835,-51.7216,23.88,85,100,4.0,overcast clouds
110,Kenai,US,60.5544,-151.2583,45.03,56,100,4.61,overcast clouds
111,Atambua,ID,-9.1061,124.8925,83.57,65,100,1.07,overcast clouds
112,Airai,TL,-8.9266,125.4092,73.99,60,100,1.41,overcast clouds
113,Lorengau,PG,-2.0226,147.2712,83.89,76,35,6.49,scattered clouds
114,Miandrivazo,MG,-19.5167,45.4667,77.05,82,2,2.66,clear sky
115,Morondava,MG,-20.2833,44.2833,79.63,80,0,1.23,clear sky
116,Forbes,AU,-33.3833,148.0167,78.93,40,100,11.21,overcast clouds
117,Souillac,MU,-20.5167,57.5167,73.78,94,75,1.14,thunderstorm with rain
118,Nikolskoye,RU,59.7035,30.7861,38.71,75,100,2.98,overcast clouds
119,Saint-Georges,GD,12.0564,-61.7485,80.28,78,20,13.8,few clouds
120,Saint Anthony,US,45.0205,-93.218,35.24,92,100,6.91,mist
121,Sinazongwe,ZM,-17.2614,27.4618,71.92,81,8,6.02,clear sky
122,Victoria,HK,22.2855,114.1577,74.17,82,99,1.01,overcast clouds
123,Edeia,BR,-17.3383,-49.9314,64.69,69,91,4.14,overcast clouds
124,Farah,AF,32.5,62.5,59.32,68,16,3.83,light rain
125,Makakilo City,US,21.3469,-158.0858,77.32,69,100,17.27,overcast clouds
126,Cidreira,BR,-30.1811,-50.2056,67.77,73,81,11.56,broken clouds
127,Kavieng,PG,-2.5744,150.7967,85.95,65,39,13.73,scattered clouds
128,Kailua,US,21.4022,-157.7394,78.78,79,20,5.01,light rain
129,Aksarka,RU,66.5606,67.7975,17.6,90,100,9.35,overcast clouds
130,Cabo San Lucas,MX,22.8909,-109.9124,83.5,50,40,11.5,scattered clouds
131,Tuktoyaktuk,CA,69.4541,-133.0374,15.8,67,75,6.91,broken clouds
132,Faanui,PF,-16.4833,-151.75,81.07,72,5,10.49,clear sky
133,Castro,BR,-24.7911,-50.0119,51.22,98,8,5.01,clear sky
134,Swan Hill,AU,-35.3378,143.5544,69.31,58,100,9.15,light rain
135,Sarahan,IN,31.5167,77.8,60.22,33,6,4.99,clear sky
136,Qaanaaq,GL,77.484,-69.3632,-20.51,70,0,6.38,clear sky
137,Lagos,NG,6.5833,3.75,73.72,97,100,3.04,moderate rain
138,Ruteng,ID,-8.6136,120.4721,71.92,80,41,1.36,scattered clouds
139,Zilair,RU,52.2332,57.4392,40.77,74,99,2.48,overcast clouds
140,Provideniya,RU,64.3833,-173.3,32.36,86,100,20.13,mist
141,Mahajanga,MG,-15.7167,46.3167,73.42,88,20,4.61,few clouds
142,Bahia Blanca,AR,-38.7196,-62.2724,60.66,67,7,7.83,clear sky
143,Shaunavon,CA,49.6501,-108.4181,29.98,83,68,3.0,broken clouds
144,Ouesso,CG,1.6136,16.0517,70.72,98,100,1.1,moderate rain
145,Hermanus,ZA,-34.4187,19.2345,59.81,85,99,9.55,overcast clouds
146,Bejar,ES,40.3864,-5.7634,56.57,73,48,6.26,scattered clouds
147,Yozgat,TR,39.5833,35.3333,55.2,42,98,8.75,overcast clouds
148,Jucas,BR,-6.5253,-39.5275,71.58,94,42,1.52,scattered clouds
149,Taltal,CL,-25.4,-70.4833,61.11,82,4,4.7,clear sky
150,Port Hedland,AU,-20.3167,118.5667,93.25,21,13,23.02,few clouds
151,Shirokiy,RU,49.758,129.523,47.43,36,8,10.58,clear sky
152,Shatrovo,RU,56.5167,64.6333,36.3,70,99,4.16,overcast clouds
153,Kushikino,JP,31.7167,130.2667,67.46,51,98,5.61,overcast clouds
154,Zhuanghe,CN,39.7008,122.9911,65.07,29,16,6.73,few clouds
155,Canby,US,45.2629,-122.6926,55.6,52,100,3.44,overcast clouds
156,Nanortalik,GL,60.1432,-45.2371,29.12,88,45,10.0,scattered clouds
157,Dingle,PH,10.9995,122.6711,86.05,64,47,12.97,scattered clouds
158,Am Timan,TD,11.0297,20.2827,83.8,51,86,8.05,overcast clouds
159,Lavrentiya,RU,65.5833,-171.0,31.77,97,100,15.03,light snow
160,Eyl,SO,7.9803,49.8164,81.01,81,33,6.64,scattered clouds
161,Suez,EG,29.9737,32.5263,74.91,34,99,2.75,overcast clouds
162,Avarua,CK,-21.2078,-159.775,80.65,69,20,4.61,few clouds
163,Vemalwada,IN,18.4667,78.8833,92.3,39,43,9.13,scattered clouds
164,Port-Gentil,GA,-0.7193,8.7815,80.17,83,100,7.02,light rain
165,San Jeronimo,PE,-11.9472,-75.2829,47.21,85,59,3.42,broken clouds
166,Payo,ID,-3.7508,103.6372,88.29,62,69,1.97,broken clouds
167,Gao,ML,16.6362,1.637,73.62,17,99,7.99,overcast clouds
168,Ostra,IT,43.6139,13.1582,50.05,64,1,9.22,clear sky
169,Tiznit,MA,29.5833,-9.5,71.11,23,100,2.53,overcast clouds
170,Nouadhibou,MR,20.931,-17.0347,64.38,94,40,5.75,scattered clouds
171,Maceio,BR,-9.6658,-35.7353,78.24,88,40,4.61,scattered clouds
172,Ribeira Grande,PT,38.5167,-28.7,58.03,69,83,20.85,broken clouds
173,Bengkulu,ID,-3.8004,102.2655,83.01,76,73,3.91,broken clouds
174,Ponta Do Sol,PT,32.6667,-17.1,65.12,56,34,12.35,scattered clouds
175,Matagami,CA,49.7502,-77.6328,23.11,74,100,8.05,overcast clouds
176,Haines Junction,CA,60.7522,-137.5108,33.75,34,100,3.44,overcast clouds
177,Kapoeta,SS,4.7717,33.5903,77.18,67,100,7.7,overcast clouds
178,Archidona,ES,37.0965,-4.3887,58.91,62,98,3.69,overcast clouds
179,Papara,BR,-3.9839,-38.7273,81.0,96,74,0.13,broken clouds
180,Oranjemund,NA,-28.55,16.4333,61.09,63,0,4.41,clear sky
181,Tabory,RU,58.5198,64.5495,35.04,64,5,1.28,clear sky
182,Carnarvon,AU,-24.8667,113.6333,73.47,68,92,16.11,overcast clouds
183,Georgetown,MY,5.4112,100.3354,85.93,83,20,5.75,thunderstorm
184,Ilo,PE,-17.6394,-71.3375,65.39,78,64,5.86,broken clouds
185,Sobolevo,RU,54.4299,31.8996,30.83,95,100,13.22,light snow
186,Aripuana,BR,-9.1667,-60.6333,72.16,99,83,1.97,broken clouds
187,Srednekolymsk,RU,67.45,153.6833,24.24,85,99,6.85,overcast clouds
188,Chaihe,CN,44.7667,129.7,49.89,20,30,3.74,scattered clouds
189,Chapais,CA,49.7834,-74.8492,24.58,91,65,8.05,broken clouds
190,Necochea,AR,-38.5473,-58.7368,57.13,89,91,8.95,overcast clouds
191,Yazykovo,RU,55.2199,56.1353,40.59,81,100,6.44,light rain
192,Zambezi,ZM,-13.5432,23.1047,62.87,97,77,3.96,light rain
193,Skibbereen,IE,51.55,-9.2667,42.12,82,100,7.29,overcast clouds
194,Bardsir,IR,29.9227,56.5743,49.26,56,0,6.69,clear sky
195,Rawah,IQ,34.4816,41.9093,66.78,20,83,3.85,broken clouds
196,Angicos,BR,-5.6656,-36.6011,75.16,89,99,7.92,overcast clouds
197,Lambayeque,PE,-6.7011,-79.9061,67.17,81,41,11.92,scattered clouds
198,Isangel,VU,-19.55,169.2667,83.37,71,100,3.76,overcast clouds
199,Cherskiy,RU,68.75,161.3,15.96,82,100,3.98,overcast clouds
200,Sao Filipe,CV,14.8961,-24.4956,70.79,77,23,3.36,few clouds
201,Urumqi,CN,43.801,87.6005,67.15,7,0,13.42,clear sky
202,Diamantino,BR,-14.4086,-56.4461,71.65,85,98,3.04,overcast clouds
203,Coos Bay,US,43.3665,-124.2179,51.93,79,40,8.05,scattered clouds
204,Harsud,IN,22.1,76.7333,91.99,18,0,7.34,clear sky
205,Kristiansund,NO,63.1115,7.732,47.05,57,100,3.44,overcast clouds
206,Boca Do Acre,BR,-8.7522,-67.3978,72.19,97,89,2.93,overcast clouds
207,Komsomolskiy,UZ,40.4272,71.7189,65.12,42,29,6.91,scattered clouds
208,Viedma,AR,-40.8135,-62.9967,58.08,71,0,11.39,clear sky
209,Grindavik,IS,63.8424,-22.4338,39.67,70,20,6.91,few clouds
210,Port Moresby,PG,-9.4431,147.1797,90.82,62,40,14.97,haze
211,Athabasca,CA,54.7169,-113.2854,31.75,61,99,4.25,overcast clouds
212,Tiarei,PF,-17.5333,-149.3333,86.02,74,19,9.28,few clouds
213,Muzhi,RU,65.3667,64.6667,23.4,82,100,6.78,overcast clouds
214,Shubarshi,KZ,48.5872,57.1869,54.3,59,1,4.07,clear sky
215,Faya,SA,18.3851,42.4509,62.71,38,17,2.91,few clouds
216,Lasa,IT,46.6166,10.7002,35.37,70,3,3.58,clear sky
217,Leku,ET,6.8667,38.45,59.7,93,100,0.69,overcast clouds
218,Gazli,UZ,40.1333,63.45,62.37,58,100,19.75,overcast clouds
219,Atar,MR,20.5169,-13.0499,84.83,12,100,6.02,overcast clouds
220,Bull Savanna,JM,17.8868,-77.5902,73.6,81,0,6.08,clear sky
221,Coquimbo,CL,-29.9533,-71.3436,55.13,94,100,8.05,overcast clouds
222,Karratha,AU,-20.7377,116.8463,90.63,30,6,24.16,clear sky
223,San Luis,AR,-33.295,-66.3356,57.07,51,1,7.43,clear sky
224,Victoria Point,AU,-27.5833,153.3,81.45,58,37,5.99,scattered clouds
225,Korla,CN,41.7597,86.1469,62.89,11,0,3.18,clear sky
226,Tasiilaq,GL,65.6145,-37.6368,31.51,95,100,8.3,overcast clouds
227,Port Lincoln,AU,-34.7333,135.8667,61.48,68,100,8.63,moderate rain
228,Teya,RU,60.3778,92.6267,26.04,76,100,10.47,overcast clouds
229,Mahebourg,MU,-20.4081,57.7,76.24,94,75,1.14,thunderstorm with rain
230,Kayes,ML,14.0,-11.0,93.96,10,100,13.51,overcast clouds
231,Jalna,IN,19.8333,75.8833,89.69,20,3,9.62,clear sky
232,Omsukchan,RU,62.5333,155.8,23.68,77,100,1.54,overcast clouds
233,Namibe,AO,-15.1961,12.1522,72.32,77,55,1.03,broken clouds
234,Malkangiri,IN,18.35,81.9,89.71,38,20,4.65,few clouds
235,Kampot,KH,10.6167,104.1833,86.05,61,100,7.02,overcast clouds
236,Te Anau,NZ,-45.4167,167.7167,63.72,52,36,4.45,scattered clouds
237,Virginia Beach,US,36.8529,-75.978,53.02,68,77,3.0,broken clouds
238,Sambava,MG,-14.2667,50.1667,73.94,85,100,8.57,overcast clouds
239,Gibara,CU,21.1097,-76.1317,72.72,86,83,5.59,broken clouds
240,Sisimiut,GL,66.9395,-53.6735,18.19,84,100,4.47,overcast clouds
241,Flin Flon,CA,54.7682,-101.865,21.96,94,97,2.3,overcast clouds
242,Lauria,IT,40.0465,15.8358,42.4,83,100,8.3,overcast clouds
243,Port Hardy,CA,50.6996,-127.4199,50.0,61,100,19.57,overcast clouds
244,Alyangula,AU,-13.8483,136.4192,87.67,62,40,10.36,scattered clouds
245,Biltine,TD,14.5333,20.9167,85.82,35,96,3.67,overcast clouds
246,San Patricio,US,28.017,-97.5169,76.87,85,51,7.54,broken clouds
247,Bethel,US,41.3712,-73.414,42.89,55,0,3.44,clear sky
248,Tecoanapa,MX,16.5167,-98.75,79.25,68,12,5.86,few clouds
249,Sakata,JP,38.9167,139.855,60.98,44,0,5.75,clear sky
250,Almaznyy,RU,48.0448,40.045,51.44,70,100,10.98,overcast clouds
251,Hirara,JP,24.8,125.2833,76.86,64,40,11.5,scattered clouds
252,Tubuala,PA,9.5167,-79.0333,79.5,84,89,8.5,overcast clouds
253,Ojinaga,MX,29.5667,-104.4167,81.57,11,0,9.22,clear sky
254,Sorland,NO,67.667,12.6934,42.04,94,100,18.86,overcast clouds
255,Porangatu,BR,-13.4408,-49.1486,71.46,92,100,1.95,light rain
256,Rock Sound,BS,24.9,-76.2,75.49,80,10,13.49,clear sky
257,Rawlins,US,41.7911,-107.2387,37.29,35,0,13.8,clear sky
258,Ranfurly,NZ,-45.1333,170.1,62.11,51,0,2.08,clear sky
259,Buenos Aires,AR,-34.6132,-58.3772,65.95,85,75,11.5,broken clouds
260,Simplicio Mendes,BR,-7.8539,-41.9103,71.1,95,100,3.47,overcast clouds
261,Erenhot,CN,43.6475,111.9767,54.03,19,0,8.79,clear sky
262,Molina,CL,-35.1167,-71.2833,53.33,76,5,0.0,clear sky
263,Saint-Augustin,CA,51.226,-58.6502,31.8,98,100,10.36,overcast clouds
264,Warrnambool,AU,-38.3833,142.4833,58.8,75,100,11.83,light rain
265,Shingu,JP,33.7333,135.9833,66.54,74,100,7.85,overcast clouds
266,Klaksvik,FO,62.2266,-6.589,50.92,97,100,22.35,overcast clouds
267,Japura,ID,-0.3167,102.35,74.82,99,100,3.36,overcast clouds
268,Shenjiamen,CN,29.9576,122.298,56.53,67,100,5.55,overcast clouds
269,Katima Mulilo,NA,-17.5,24.2667,64.53,94,29,6.02,scattered clouds
270,Oda,JP,35.1833,132.5,61.57,40,100,5.73,overcast clouds
271,Tera,NE,14.0078,0.7531,81.7,12,100,9.82,overcast clouds
272,Alofi,NU,-19.0595,-169.9187,85.89,66,98,11.5,overcast clouds
273,El Alto,PE,-4.2714,-81.2147,67.53,77,57,14.07,broken clouds
274,Bilma,NE,18.6853,12.9164,76.48,17,9,9.04,clear sky
275,Iqaluit,CA,63.7506,-68.5145,-9.67,77,20,10.36,few clouds
276,Kijang,KR,35.2442,129.2139,71.33,32,100,5.55,overcast clouds
277,Diego De Almagro,CL,-26.3667,-70.05,58.77,47,0,1.19,clear sky
278,Moratuwa,LK,6.773,79.8816,80.62,73,86,6.42,overcast clouds
279,Kruisfontein,ZA,-34.0033,24.7314,59.88,88,100,4.5,light rain
280,Batagay,RU,67.6333,134.6333,23.02,80,8,8.37,clear sky
281,Cockburn Town,TC,21.4612,-71.1419,77.99,85,81,23.26,broken clouds
282,Hoi An,VN,15.8794,108.335,85.96,73,100,1.41,overcast clouds
283,Waddan,LY,29.1614,16.139,57.45,67,0,1.59,clear sky
284,Anadyr,RU,64.75,177.4833,32.5,86,75,20.13,light shower snow
285,Teluk Intan,MY,4.0259,101.0213,80.62,82,98,1.21,overcast clouds
286,Honiara,SB,-9.4333,159.95,84.38,74,59,6.85,broken clouds
287,Nioro,GM,13.35,-15.75,73.72,46,3,10.09,clear sky
288,Antofagasta,CL,-23.65,-70.4,58.28,84,60,4.56,broken clouds
289,Valparaiso,CL,-33.0393,-71.6273,55.47,78,100,2.3,overcast clouds
290,San Ignacio,BZ,17.1561,-89.0714,84.34,70,20,0.0,few clouds
291,Balakovo,RU,52.0278,47.8007,51.75,74,100,4.05,overcast clouds
292,Neryungri,RU,56.6709,124.6491,27.28,94,100,10.85,snow
293,Inyonga,TZ,-6.7167,32.0667,61.77,97,32,3.33,scattered clouds
294,Road Town,VG,18.4167,-64.6167,78.89,78,40,13.8,scattered clouds
295,Huarmey,PE,-10.0681,-78.1522,67.1,84,6,7.72,clear sky
296,Bandarbeyla,SO,9.4942,50.8122,80.58,81,17,8.28,few clouds
297,Price,US,39.5994,-110.8107,58.26,19,0,6.91,clear sky
298,Gat,IL,31.61,34.7642,86.77,15,21,20.74,few clouds
299,Agadir,MA,30.4202,-9.5982,61.25,45,100,4.68,overcast clouds
300,Spencer,US,43.1414,-95.1444,32.04,93,75,10.36,broken clouds
301,Baltiysk,RU,54.6538,19.911,35.87,72,16,6.06,few clouds
302,Namatanai,PG,-3.6667,152.4333,86.27,61,96,10.58,overcast clouds
303,Los Llanos De Aridane,ES,28.6585,-17.9182,73.15,36,100,13.8,overcast clouds
304,Berlevag,NO,70.8578,29.0864,40.8,94,100,14.36,overcast clouds
305,Quanzhou,CN,24.9139,118.5858,68.18,58,97,0.78,overcast clouds
306,Northam,GB,51.0333,-4.2167,47.39,91,67,8.57,broken clouds
307,Sinnamary,GF,5.3833,-52.95,77.16,87,69,8.03,broken clouds
308,Kushiro,JP,42.975,144.3747,52.75,66,75,14.97,broken clouds
309,San Juan,AR,-31.5375,-68.5364,65.7,39,35,1.5,scattered clouds
310,Dikson,RU,73.5069,80.5464,3.88,94,100,1.03,overcast clouds
311,Marshfield,US,44.6689,-90.1718,37.35,56,100,12.66,overcast clouds
312,Katsuura,JP,35.1333,140.3,63.36,69,100,11.41,light rain
313,Meulaboh,ID,4.1363,96.1285,83.66,75,100,1.28,overcast clouds
314,Acapulco,MX,16.8634,-99.8901,80.42,74,0,8.05,clear sky
315,Micheweni,TZ,-4.9667,39.8333,79.07,85,30,11.88,light rain
316,Morant Bay,JM,17.8815,-76.4093,80.22,84,6,6.22,light rain
317,Dudinka,RU,69.4058,86.1778,4.62,94,100,8.81,overcast clouds
318,Paita,PE,-5.0892,-81.1144,68.63,77,61,14.61,broken clouds
319,Iskateley,RU,67.6803,53.1512,32.25,98,100,8.43,overcast clouds
320,Aswan,EG,24.0934,32.907,79.9,17,0,4.61,clear sky
321,Kysyl-Syr,RU,63.8986,122.7617,30.92,98,100,12.88,snow
322,Zavetnoye,RU,47.1194,43.8903,50.18,70,100,11.72,overcast clouds
323,Toledo,ES,39.8333,-4.0,55.83,48,100,3.76,overcast clouds
324,Evensk,RU,61.95,159.2333,30.29,90,100,4.16,overcast clouds
325,Arlit,NE,18.7369,7.3853,74.62,15,100,4.07,overcast clouds
326,Luderitz,NA,-26.6481,15.1594,68.95,48,0,7.99,clear sky
327,Terrasini,IT,38.146,13.0844,53.46,81,40,2.3,scattered clouds
328,Luau,AO,-10.7073,22.2247,62.8,98,100,3.94,overcast clouds
329,Montmagny,FR,48.9734,2.3469,53.24,51,0,6.91,clear sky
330,Cap Malheureux,MU,-19.9842,57.6142,76.46,91,17,4.0,light rain
331,Ous,RU,60.9058,61.5186,29.68,78,43,6.46,scattered clouds
332,Shangzhi,CN,45.2167,127.9667,51.53,20,8,6.58,clear sky
333,Marapanim,BR,-0.7175,-47.6997,74.21,95,100,1.21,light rain
334,Hamilton,US,39.1834,-84.5333,46.44,56,0,5.99,clear sky
335,Mecca,SA,21.4267,39.8261,78.69,36,5,1.7,clear sky
336,Worthington,US,40.0931,-83.018,44.65,54,0,11.5,clear sky
337,Labuhan,ID,-6.8844,112.2051,86.4,68,65,3.47,broken clouds
338,Carnot,CF,4.9409,15.8665,69.94,95,100,2.84,moderate rain
339,Pasighat,IN,28.0667,95.3333,69.17,83,99,1.3,overcast clouds
340,Tulun,RU,54.5611,100.5792,58.1,47,100,11.07,overcast clouds
341,Gizo,SB,-8.103,156.8419,84.24,70,50,8.43,light rain
342,Portland,US,45.5234,-122.6762,55.99,49,100,9.22,overcast clouds
343,Broken Hill,AU,-31.95,141.4333,83.91,21,40,14.97,scattered clouds
344,Whitianga,NZ,-36.8333,175.7,62.96,89,99,19.39,overcast clouds
345,Hattiesburg,US,31.3271,-89.2903,66.69,95,100,5.75,thunderstorm with rain
346,Tupik,RU,54.4253,119.9327,50.99,50,100,14.5,overcast clouds
347,Jeremoabo,BR,-10.075,-38.4808,71.51,97,83,4.72,broken clouds
348,Ust-Tsilma,RU,65.441,52.1498,32.65,98,100,4.0,overcast clouds
349,Santa Maria Do Para,BR,-1.3503,-47.5756,73.51,95,95,1.25,moderate rain
350,Tiksi,RU,71.6872,128.8694,7.29,94,95,4.25,overcast clouds
351,Provost,CA,52.3501,-110.2683,29.62,68,64,0.18,broken clouds
352,Sao Pedro Do Sul,BR,-29.6206,-54.1789,57.85,94,33,6.04,scattered clouds
353,Asau,RO,46.4333,26.4,31.28,85,53,4.97,broken clouds
354,Coamo,PR,18.08,-66.3579,77.76,86,100,7.83,overcast clouds
355,Le Port,RE,-20.9373,55.2919,75.16,89,7,3.78,clear sky
356,Beipiao,CN,41.7919,120.7792,61.34,14,0,12.48,clear sky
357,Sheridan,US,44.8333,-106.9173,35.98,53,100,6.91,overcast clouds
358,Arica,CL,-18.475,-70.3042,62.83,67,0,2.3,clear sky
359,Lafayette,US,30.2335,-92.0668,75.97,85,40,6.91,scattered clouds
360,Maumere,ID,-8.6199,122.2111,83.84,76,77,4.88,broken clouds
361,Chuy,UY,-33.6971,-53.4616,61.77,84,100,6.17,overcast clouds
362,Plettenberg Bay,ZA,-34.0527,23.3716,60.22,76,99,2.53,overcast clouds
363,Yulara,AU,-25.2406,130.9889,78.64,25,40,4.61,scattered clouds
364,Verkhnevilyuysk,RU,63.4453,120.3167,37.33,94,100,7.94,overcast clouds
365,Saint Stephen,GB,50.3333,-4.9,46.67,87,87,4.61,overcast clouds
366,San Rafael,AR,-34.6177,-68.3301,61.36,44,4,8.34,clear sky
367,Ziyang,CN,29.2497,117.8547,54.79,95,100,3.62,overcast clouds
368,Unity,CA,52.4501,-109.1682,32.25,56,43,3.94,scattered clouds
369,Iranshahr,IR,27.2025,60.6848,75.54,33,20,4.61,haze
370,Harur,IN,12.0667,78.5,87.03,49,26,2.37,scattered clouds
371,Wittstock,DE,53.1612,12.4829,35.78,72,18,3.87,few clouds
372,Sulangan,PH,11.1373,123.7228,82.72,69,20,11.14,few clouds
373,Limoges,FR,45.75,1.3333,52.36,58,0,5.75,clear sky
374,Key West,US,24.5557,-81.7826,82.4,72,20,12.66,few clouds
375,Outjo,NA,-20.1167,16.15,65.39,55,46,4.92,scattered clouds
376,Cap-Aux-Meules,CA,47.3821,-61.8597,35.65,87,75,16.11,broken clouds
377,Elk River,US,45.3038,-93.5672,34.38,93,100,5.01,overcast clouds
378,Princes Town,TT,10.2667,-61.3833,77.63,92,57,5.77,broken clouds
379,Vardo,NO,70.3705,31.1107,39.51,91,100,9.89,overcast clouds
380,Merauke,ID,-8.4667,140.3333,84.74,72,98,4.47,moderate rain
381,Nantucket,US,41.2835,-70.0995,44.71,59,0,9.22,clear sky
382,Ginir,ET,7.1333,40.7,57.31,77,82,4.85,broken clouds
383,Umea,SE,63.8284,20.2597,28.33,100,98,0.0,fog
384,Saint-Pierre,RE,-21.3393,55.4781,73.29,82,20,3.44,few clouds
385,Yerofey Pavlovich,RU,53.9667,121.9667,39.51,48,100,4.18,overcast clouds
386,Kitimat,CA,54.0524,-128.6534,53.98,61,13,2.3,few clouds
387,Porto Santo,PT,33.072,-16.3415,61.18,82,40,19.57,scattered clouds
388,Awash,ET,8.9833,40.1667,73.83,57,45,4.63,scattered clouds
389,Taksimo,RU,56.3444,114.8794,45.18,82,67,1.48,broken clouds
390,Salalah,OM,17.0151,54.0924,80.69,89,40,2.3,scattered clouds
391,Warri,NG,5.5167,5.75,75.34,95,100,2.62,overcast clouds
392,Muisne,EC,0.6,-80.0333,75.31,85,80,7.36,broken clouds
393,Temir,KZ,49.1414,57.13,52.57,60,0,4.38,clear sky
394,Neiafu,TO,-18.65,-173.9833,86.68,74,40,8.05,scattered clouds
395,Betafo,MG,-19.8333,46.85,57.34,93,13,3.98,few clouds
396,Kahului,US,20.8947,-156.47,82.42,66,20,24.16,few clouds
397,Leningradskiy,RU,69.3833,178.4167,23.2,92,89,6.11,overcast clouds
398,Waipawa,NZ,-41.4122,175.5153,59.76,66,60,12.93,broken clouds
399,Korop,UA,51.5664,32.9586,35.22,98,100,5.41,overcast clouds
400,Sept-Iles,CA,50.2001,-66.3821,39.72,59,75,16.11,broken clouds
401,Bireun,ID,5.203,96.7009,84.49,66,100,4.07,overcast clouds
402,Noda,JP,35.9411,139.8581,66.85,54,100,6.02,overcast clouds
403,Port Macquarie,AU,-31.4333,152.9167,78.89,63,4,6.91,clear sky
404,Yilan,TW,24.757,121.753,77.02,63,38,4.72,scattered clouds
405,Shchigry,RU,51.8755,36.9043,40.82,98,100,7.0,light rain
406,Tonantins,BR,-2.8731,-67.8022,74.26,99,100,1.19,heavy intensity rain
407,Suclayin,PH,15.7568,121.5503,83.97,68,35,8.68,scattered clouds
408,Sorong,ID,-0.8833,131.25,86.32,68,94,11.99,overcast clouds
409,Makinsk,KZ,52.6292,70.4169,45.86,56,100,11.79,overcast clouds
410,Carutapera,BR,-1.195,-46.02,75.47,93,100,1.61,overcast clouds
411,Alcaniz,ES,41.05,-0.1333,55.83,65,100,16.13,overcast clouds
412,Bonnyville,CA,54.2668,-110.735,35.4,88,22,4.99,few clouds
413,Atasu,KZ,48.6814,71.6433,62.62,20,100,4.45,overcast clouds
414,Lagoa,PT,39.05,-27.9833,56.77,65,47,16.58,scattered clouds
415,Namie,JP,37.4833,141.0,69.55,60,95,1.99,overcast clouds
416,Bowen,AU,-20.0167,148.2333,81.77,55,6,16.8,clear sky
417,Saint-Joseph,RE,-21.3667,55.6167,72.21,86,7,9.95,clear sky
418,Christchurch,NZ,-43.5333,172.6333,64.42,61,5,19.57,clear sky
419,Havre-Saint-Pierre,CA,50.2334,-63.5986,39.2,93,100,16.11,overcast clouds
420,Eirunepe,BR,-6.6603,-69.8736,73.38,99,100,2.42,moderate rain
421,Guerrero Negro,MX,27.9769,-114.0611,59.43,85,73,16.89,broken clouds
422,Filingue,NE,14.3521,3.3168,84.2,11,100,10.13,overcast clouds
423,Kondinskoye,RU,59.6481,67.41,29.14,81,6,4.79,clear sky
424,Cedar City,US,37.6775,-113.0619,61.77,15,0,12.66,clear sky
425,Tarija,BO,-21.5355,-64.7296,51.71,76,20,0.0,few clouds
426,Vestmanna,FO,62.1564,-7.1664,49.12,81,75,19.57,broken clouds
427,Amahai,ID,-3.3333,128.9167,87.13,63,99,5.41,overcast clouds
428,Sandwick,GB,60.0,-1.25,46.22,81,100,20.71,overcast clouds
429,Bodden Town,KY,19.2833,-81.25,80.6,80,20,4.61,few clouds
430,Metallostroy,RU,59.8008,30.5478,37.9,65,0,4.47,clear sky
431,Kintinku,TZ,-5.8833,35.2333,64.09,96,96,1.36,overcast clouds
432,Bandundu,CD,-3.3167,17.3667,73.96,92,100,2.82,light rain
433,Harper,LR,4.375,-7.7169,77.11,88,95,0.16,overcast clouds
434,Areosa,PT,41.7178,-8.8571,53.64,91,0,14.56,clear sky
435,Camacha,PT,33.0833,-16.3333,58.42,82,40,19.57,scattered clouds
436,Narsaq,GL,60.9167,-46.05,32.22,89,46,1.43,scattered clouds
437,Svetlyy,RU,54.675,20.1347,35.96,75,18,5.19,few clouds
438,Arys,KZ,42.4252,68.795,70.63,42,100,5.77,overcast clouds
439,Ossora,RU,59.2353,163.0719,31.44,77,17,1.21,few clouds
440,Marzuq,YE,14.4,46.4667,70.99,39,1,2.33,clear sky
441,Kerema,PG,-7.9631,145.7785,85.37,67,29,7.99,scattered clouds
442,Akyab,MM,20.15,92.9,86.09,68,50,5.95,scattered clouds
443,Verkhnyaya Toyma,RU,62.2349,44.9985,32.68,99,100,3.02,light snow
444,Alta Floresta,BR,-9.8756,-56.0861,71.11,97,97,2.66,overcast clouds
445,Arman,RU,59.7,150.1667,28.15,75,100,3.22,overcast clouds
446,Ust-Ishim,RU,57.6935,71.1665,35.28,64,68,4.79,broken clouds
447,Calvinia,ZA,-31.4707,19.776,58.78,50,56,6.46,broken clouds
448,Parambu,BR,-6.2111,-40.6944,68.99,97,55,1.45,broken clouds
449,Comodoro Rivadavia,AR,-45.8667,-67.5,62.46,48,0,6.91,clear sky
450,Nemuro,JP,43.3236,145.575,44.69,70,100,18.14,overcast clouds
451,Ariquemes,BR,-9.9133,-63.0408,72.37,98,100,2.68,overcast clouds
452,Belmonte,BR,-15.8631,-38.8828,76.57,78,100,12.06,overcast clouds
453,Muli,MV,2.9167,73.5667,84.06,68,43,10.33,scattered clouds
454,Nizhniy Kuranakh,RU,58.8353,125.4869,32.11,90,100,9.48,snow
455,Fort William,GB,56.8165,-5.1121,48.31,93,100,6.35,light rain
456,Parana,AR,-31.732,-60.5238,63.52,81,7,6.35,clear sky
457,Lakes Entrance,AU,-37.8811,147.981,65.16,73,100,3.98,light rain
458,Hami,CN,42.8,93.45,63.45,12,0,5.97,clear sky
459,Lata,PT,40.1629,-8.3327,58.82,97,48,0.96,scattered clouds
460,Punta De Bombon,PE,-17.1717,-71.7931,66.92,74,84,5.08,broken clouds
461,Palmer,US,42.1584,-72.3287,40.37,68,20,6.91,few clouds
462,Talara,PE,-4.5772,-81.2719,68.4,81,58,14.43,broken clouds
463,Esmeraldas,BR,-19.7625,-44.3139,68.86,80,98,4.54,overcast clouds
464,Klyuchi,RU,52.2667,79.1667,57.49,51,100,12.82,overcast clouds
465,Yermakovskoye,RU,53.2831,92.4003,61.29,44,99,8.05,overcast clouds
466,Mahenge,TZ,-8.6833,36.7167,61.57,98,99,2.17,light rain
467,Husavik,IS,66.0449,-17.3389,38.32,98,100,2.33,light rain
468,Pangkalanbuun,ID,-2.6833,111.6167,92.16,53,70,2.3,broken clouds
469,Neftcala,AZ,39.3742,49.2472,53.87,78,0,8.34,clear sky
470,Jiaohe,CN,43.7286,127.3447,52.84,29,40,5.17,scattered clouds
471,El Cope,PA,8.6167,-80.6,68.85,91,95,2.64,overcast clouds
472,Ilam,NP,26.9167,87.9167,76.77,42,0,4.76,clear sky
473,Tilichiki,RU,60.4667,166.1,25.09,79,44,7.18,scattered clouds
474,Saint-Paul,RE,-21.0096,55.2707,75.29,80,4,0.96,clear sky
475,Forestville,US,38.8451,-76.875,49.06,43,0,16.11,clear sky
476,Vilcun,CL,-38.65,-72.2333,38.14,92,4,1.5,clear sky
477,Palauig,PH,15.435,119.9045,86.09,61,11,6.22,few clouds
478,Dawlatabad,AF,36.4141,64.9053,59.94,59,99,7.54,overcast clouds
479,Panormos,GR,35.4182,24.6909,58.86,85,73,4.59,broken clouds
480,Ekhabi,RU,53.5102,142.9671,32.43,69,19,4.38,few clouds
481,Barcelona,ES,41.3888,2.159,59.63,70,0,4.61,clear sky
482,Cartagena,CO,10.3997,-75.5144,82.02,83,40,4.61,scattered clouds
483,Mogoditshane,BW,-24.6269,25.8656,59.83,96,87,2.13,light rain
484,Kurumkan,RU,54.3,110.3,58.96,48,39,5.41,scattered clouds
485,Methoni,GR,36.8197,21.7049,58.21,82,67,4.63,light rain
486,Great Yarmouth,GB,52.6083,1.7305,48.02,91,63,7.78,broken clouds
487,General Pico,AR,-35.6566,-63.7568,54.9,73,0,8.1,clear sky
488,Balabac,PH,7.9868,117.0645,85.28,70,100,12.06,overcast clouds
489,Tuatapere,NZ,-46.1333,167.6833,62.58,57,81,0.38,broken clouds
490,Calbuco,CL,-41.768,-73.1273,54.61,79,95,2.55,overcast clouds
491,Emerald,AU,-23.5333,148.1667,82.54,36,40,11.5,scattered clouds
492,Tazovskiy,RU,67.4667,78.7,13.77,91,100,12.57,overcast clouds
493,Marovoay,MG,-16.1,46.6333,73.65,79,13,4.12,few clouds
494,Hokitika,NZ,-42.7167,170.9667,62.42,59,0,4.5,clear sky
495,Teahupoo,PF,-17.8333,-149.2667,80.53,72,28,9.73,light rain
496,San Pedro,PH,14.35,121.0167,88.83,60,40,9.22,scattered clouds
497,Shimoda,JP,34.6667,138.95,62.96,80,100,7.27,moderate rain
498,Grootfontein,NA,-19.5667,18.1167,58.57,94,20,1.14,few clouds
499,Yantal,RU,56.8471,105.2542,44.91,93,100,10.89,overcast clouds
500,Mount Isa,AU,-20.7333,139.5,91.17,16,0,9.22,clear sky
501,Diu,IN,20.7141,70.9822,81.59,59,0,5.41,clear sky
502,Aleksandrov Gay,RU,50.147,48.5704,54.09,71,100,6.91,overcast clouds
503,Maun,BW,-19.9833,23.4167,66.16,100,0,9.22,clear sky
504,Luwuk,ID,-0.9516,122.7875,86.74,66,100,3.56,overcast clouds
505,The Pas,CA,53.8251,-101.2541,28.42,40,0,2.3,clear sky
506,Banjar,ID,-8.19,114.9675,87.15,68,100,3.38,overcast clouds
507,Kjollefjord,NO,70.9457,27.3465,39.25,96,100,12.3,overcast clouds
508,Kyren,RU,51.6828,102.1408,57.92,41,69,2.19,broken clouds
509,Naliya,IN,23.2667,68.8333,82.51,71,33,11.59,scattered clouds
510,Kavaratti,IN,10.5669,72.642,83.52,70,88,1.88,overcast clouds
511,Larsnes,NO,62.2028,5.5773,45.68,85,100,3.44,overcast clouds
512,Basco,PH,20.4487,121.9702,77.5,70,97,14.47,overcast clouds
513,Marsh Harbour,BS,26.5412,-77.0636,76.08,82,52,12.91,broken clouds
514,Egvekinot,RU,66.3167,-179.1667,26.49,96,100,10.38,snow
515,Wanning,CN,18.8003,110.3967,79.81,80,27,8.25,scattered clouds
516,Kiama,AU,-34.6833,150.8667,80.38,61,100,8.01,overcast clouds
517,Trat,TH,12.5,102.5,88.0,60,97,1.45,overcast clouds
518,Kimbe,PG,-5.5502,150.1429,84.24,77,100,4.38,light rain
519,Mashhad,IR,36.297,59.6062,50.14,93,100,4.61,mist
520,Constitucion,CL,-35.3333,-72.4167,51.39,92,57,6.46,broken clouds
521,Nedjo,ET,9.5046,35.5019,59.13,86,18,1.66,light rain
522,Pakxan,LA,18.3778,103.6601,81.37,69,98,4.52,overcast clouds
523,Novyy Urengoy,RU,66.0833,76.6333,14.4,93,100,10.69,overcast clouds
524,Buraydah,SA,26.326,43.975,68.45,18,9,8.48,clear sky
525,Urdoma,RU,61.7533,48.5442,32.76,92,100,6.42,light snow
526,Arteaga,MX,18.4667,-102.4167,64.4,53,83,3.62,broken clouds
527,Fernley,US,39.608,-119.2518,65.26,15,1,7.0,clear sky
528,Ilulissat,GL,69.2167,-51.1,-2.88,93,94,6.06,overcast clouds
529,Sitka,US,57.0531,-135.33,46.29,49,75,4.61,broken clouds
530,Winnemucca,US,40.973,-117.7357,64.45,13,0,4.61,clear sky
531,Fortuna,US,40.5982,-124.1573,50.99,61,0,5.75,clear sky
532,Hobbs,US,32.7026,-103.136,73.99,7,0,8.05,clear sky
533,Lisakovsk,KZ,52.5369,62.4936,47.05,54,100,5.17,overcast clouds
534,Hambantota,LK,6.1241,81.1185,80.94,100,20,3.44,few clouds
535,Huanren,CN,41.2647,125.3667,61.25,24,17,7.76,few clouds
536,Tevaitoa,PF,-16.7833,-151.5,80.74,74,15,11.14,light rain
537,Afua,BR,-0.1567,-50.3867,74.71,94,100,3.24,overcast clouds
538,Tessalit,ML,20.1986,1.0114,68.92,24,0,9.46,clear sky
539,Rondonopolis,BR,-16.4708,-54.6356,65.8,64,72,3.13,broken clouds
540,Puerto Escondido,MX,15.85,-97.0667,83.23,69,0,6.91,clear sky
541,Riyadh,SA,24.6877,46.7219,66.34,23,1,7.07,clear sky
542,Marawi,PH,7.9986,124.2928,81.48,64,91,4.03,overcast clouds
543,Ejido Hermosillo,MX,32.5121,-114.9238,88.79,12,0,5.5,clear sky
544,Darhan,MN,49.4867,105.9228,61.16,22,42,17.9,scattered clouds
545,Makasar,ID,-5.14,119.4221,84.25,84,20,2.3,few clouds
546,Vanavara,RU,60.34,102.2797,34.56,73,100,13.56,overcast clouds
547,Loa Janan,ID,-0.583,117.095,90.7,55,63,4.34,broken clouds
548,Bubaque,GW,11.2833,-15.8333,74.28,76,8,14.99,clear sky
549,Weihe,CN,32.9952,105.3247,55.99,30,100,4.47,overcast clouds
550,Roma,US,43.2128,-75.4557,35.74,66,0,0.0,clear sky
551,Cayenne,GF,4.9333,-52.3333,81.09,1,0,7.0,clear sky
552,Touros,BR,-5.1989,-35.4608,79.27,81,99,7.78,overcast clouds
553,Tagusao,PH,9.1924,117.8141,85.78,68,66,6.6,broken clouds
554,Qax,AZ,41.4225,46.9242,45.59,66,32,2.1,scattered clouds
555,Bloemfontein,ZA,-29.1211,26.214,51.28,93,0,2.3,clear sky
556,Aasiaat,GL,68.7098,-52.8699,5.29,98,100,3.6,overcast clouds
557,Maniitsoq,GL,65.4167,-52.9,22.6,87,100,2.55,overcast clouds
558,Khasan,RU,42.4308,130.6434,49.87,41,75,1.36,broken clouds
559,Mocuba,MZ,-16.8392,36.9856,71.22,93,99,3.06,overcast clouds
560,Zhigansk,RU,66.7697,123.3711,31.71,79,100,29.15,overcast clouds
561,Andenes,NO,69.3143,16.1194,42.78,81,100,11.5,overcast clouds
562,Waingapu,ID,-9.6567,120.2641,83.84,77,58,7.76,broken clouds
563,Tefe,BR,-3.3542,-64.7114,73.99,98,91,2.62,overcast clouds
564,Port Blair,IN,11.6667,92.75,86.04,66,20,3.44,few clouds
565,Narrabri,AU,-30.3167,149.7833,80.53,41,40,5.75,scattered clouds
566,Adrar,MR,20.5022,-10.0711,74.07,15,82,12.01,broken clouds
567,Simbahan,PH,6.3032,120.5836,83.16,74,70,5.73,broken clouds
568,Beloha,MG,-25.1667,45.05,71.62,94,100,7.31,overcast clouds
569,Vestmannaeyjar,IS,63.4427,-20.2734,41.86,72,41,8.3,scattered clouds
570,Altay,CN,47.8667,88.1167,57.24,31,56,3.42,broken clouds
571,Hachinohe,JP,40.5,141.5,59.77,37,100,3.71,overcast clouds
572,Brae,GB,60.3964,-1.353,45.88,82,100,23.78,overcast clouds
573,Sakaiminato,JP,35.55,133.2333,64.38,27,75,4.61,broken clouds
574,Pangody,RU,65.85,74.4859,15.87,89,98,11.3,overcast clouds
575,Saurimo,AO,-9.6608,20.3916,64.26,97,92,3.44,overcast clouds
576,Toora-Khem,RU,52.4675,96.11,49.84,55,100,2.17,overcast clouds
577,Jagatsinghapur,IN,20.2667,86.1667,82.76,51,45,10.04,scattered clouds
578,Giyon,ET,8.5333,37.9833,57.97,90,76,0.34,broken clouds
579,Hammerfest,NO,70.6634,23.6821,39.65,93,100,5.75,overcast clouds
580,Moses Lake,US,47.1301,-119.2781,48.88,40,0,5.75,clear sky
581,Hun,LY,29.1268,15.9477,57.87,65,0,1.28,clear sky
582,Bahia Honda,CU,22.9036,-83.1592,75.31,82,1,8.01,clear sky
583,Rebrikha,RU,53.0733,82.3408,54.43,63,100,4.99,overcast clouds
584,Natal,BR,-5.795,-35.2094,80.82,89,20,5.75,few clouds
585,Victor Harbor,AU,-35.5667,138.6167,63.0,78,100,13.98,overcast clouds
586,Vettavalam,IN,12.1,79.25,86.92,58,17,3.8,few clouds
587,Maridi,SS,4.9158,29.4742,69.33,77,45,3.89,scattered clouds
588,Fort Wellington,GY,6.4,-57.6,76.77,83,14,9.33,few clouds
589,Kokkola,FI,63.8385,23.1307,34.93,94,0,8.05,clear sky
590,Sembakung,ID,3.8167,117.25,87.12,69,80,1.63,broken clouds
591,Tura,IN,25.5198,90.2201,79.81,72,26,5.86,scattered clouds
592,Kieta,PG,-6.2167,155.6333,83.98,71,68,3.98,light rain
593,Geraldton,AU,-28.7667,114.6,72.01,43,0,19.57,clear sky
594,Bambous Virieux,MU,-20.3428,57.7575,76.21,94,75,1.14,thunderstorm with rain
595,Paramonga,PE,-10.6667,-77.8333,66.61,85,43,7.29,scattered clouds
596,Spirit River,CA,55.7833,-118.8361,25.75,83,100,10.27,overcast clouds
597,Abaza,RU,52.655,90.0928,62.4,37,93,5.5,overcast clouds
598,Crib Point,AU,-38.35,145.2,63.59,95,100,7.07,light rain
599,Umm Lajj,SA,25.0213,37.2685,84.85,19,73,9.78,broken clouds
600,Robertsport,LR,6.7533,-11.3686,79.23,84,100,6.35,overcast clouds
601,Polyarnyy,RU,69.1989,33.4478,35.69,98,100,6.2,overcast clouds
602,Constantine,DZ,36.365,6.6147,44.01,81,0,2.3,clear sky
603,Wainwright,CA,52.839,-110.8572,28.81,72,70,4.54,broken clouds
604,Gambela,ET,8.25,34.5833,74.01,77,20,4.32,few clouds
605,Barinitas,VE,8.7622,-70.4111,71.08,91,100,2.95,overcast clouds
606,Kargil,IN,34.5667,76.1,35.35,44,0,1.14,clear sky
607,Jega,NG,12.2175,4.3792,83.61,10,99,3.91,overcast clouds
608,Cumana,VE,10.4635,-64.1775,77.88,82,99,12.53,overcast clouds
609,Zyryanka,RU,65.75,150.85,24.67,86,100,8.41,overcast clouds
610,Lodwar,KE,3.1191,35.5973,79.74,67,100,8.59,light rain
611,Plainview,US,40.7765,-73.4673,45.86,49,0,3.44,clear sky
612,Ordzhonikidze,KZ,52.4411,61.7408,47.28,58,80,4.27,broken clouds
613,Upington,ZA,-28.4478,21.2561,53.98,87,0,0.0,clear sky
614,Dunedin,NZ,-45.8742,170.5036,61.81,63,8,11.01,clear sky
615,Kumylzhenskaya,RU,49.8809,42.5898,51.98,69,100,7.65,overcast clouds
616,Santa Cruz,BO,-17.8,-63.1667,69.26,68,75,4.61,broken clouds
617,Trzebiatow,PL,54.0615,15.2648,39.85,73,20,5.1,few clouds
618,Ciudad Bolivar,VE,8.1222,-63.5497,82.49,58,43,12.91,scattered clouds
619,Skjervoy,NO,70.0311,20.9714,37.4,90,100,5.32,light rain
620,Rocha,UY,-34.4833,-54.3333,56.14,93,100,3.04,overcast clouds
621,Roald,NO,62.5833,6.1333,45.75,93,100,3.44,overcast clouds
622,Champerico,GT,14.3,-91.9167,83.93,69,88,7.67,overcast clouds
623,Praia,CV,14.9215,-23.5087,70.34,78,75,11.5,broken clouds
624,Santander,ES,43.4647,-3.8044,56.46,88,100,3.44,overcast clouds
625,La Ronge,CA,55.1001,-105.2842,32.25,51,40,2.3,scattered clouds
626,Lagunas,PE,-5.2269,-75.6753,73.0,98,93,2.51,overcast clouds
627,Buenaventura,CO,3.8801,-77.0312,74.86,96,100,2.21,light rain
628,Malindi,KE,-3.2175,40.1191,79.18,86,100,11.43,light rain
629,Arvika,SE,59.6553,12.5852,32.61,77,99,1.59,overcast clouds
630,Pisco,PE,-13.7,-76.2167,65.01,77,0,12.66,clear sky
631,Havoysund,NO,70.9963,24.6622,39.43,95,100,16.89,overcast clouds
632,Canto Do Buriti,BR,-8.11,-42.9444,71.67,95,100,1.07,moderate rain
633,Jacareacanga,BR,-6.2222,-57.7528,72.95,99,100,2.1,moderate rain
634,Krasnoselkup,RU,65.7,82.4667,16.63,90,100,16.04,overcast clouds
635,Quang Ngai,VN,15.1167,108.8,82.47,69,61,4.81,broken clouds
636,Pontianak,ID,-0.0333,109.3333,80.58,83,20,4.61,few clouds
637,Finschhafen,PG,-6.6024,147.8681,83.77,77,87,6.89,overcast clouds
638,Surin,TH,14.8818,103.4936,91.0,76,100,7.52,light rain
639,Taoudenni,ML,22.6783,-3.9836,74.17,24,4,8.9,clear sky
640,Vao,NC,-22.6667,167.4833,77.22,69,45,4.56,scattered clouds
641,Shimabara,JP,32.7833,130.3667,68.31,51,100,2.51,overcast clouds
642,Abalak,RU,58.1286,68.5944,34.54,62,27,4.56,scattered clouds
643,Turukhansk,RU,65.8167,87.9833,11.55,88,100,11.43,overcast clouds
644,Varnavino,RU,57.4035,45.0916,28.87,83,9,4.18,clear sky
645,Sainte-Suzanne,RE,-20.9061,55.6089,75.38,95,40,12.66,scattered clouds
646,Beyla,GN,8.6833,-8.6333,70.88,81,100,2.21,overcast clouds
647,Kuruman,ZA,-27.4524,23.4325,55.27,75,14,7.49,few clouds
648,Bairiki,KI,1.3292,172.9752,86.0,70,20,8.05,few clouds
649,Pyapon,MM,16.2833,95.6833,91.36,44,0,5.97,clear sky
650,Port Hueneme,US,34.1478,-119.1951,67.78,79,0,10.36,clear sky
651,Bereda,ES,43.2686,-7.5406,51.42,97,100,4.47,overcast clouds
652,Turbat,PK,26.0023,63.044,84.07,45,0,3.13,clear sky
653,Bardiyah,LY,31.7561,25.0865,58.68,87,29,8.59,scattered clouds
654,Bonthe,SL,7.5264,-12.505,77.31,80,100,5.7,overcast clouds
655,Chumikan,RU,54.7183,135.315,34.23,84,9,10.78,clear sky
656,Maloyaroslavets,RU,55.0146,36.4719,31.15,88,74,9.44,broken clouds
657,Yumen,CN,40.2833,97.2,53.55,19,0,10.69,clear sky
658,Kamina,CD,-8.7386,24.9906,63.1,96,12,3.11,few clouds
659,Bolshaya Sosnova,RU,57.6713,54.6029,31.62,86,99,9.84,light snow
660,Manokwari,ID,-0.8667,134.0833,83.89,70,100,5.68,overcast clouds
661,Makurdi,NG,7.7411,8.5121,75.15,87,100,5.68,moderate rain
662,Richards Bay,ZA,-28.783,32.0377,63.34,94,100,2.57,light rain
663,Linjiang,CN,41.8069,126.9078,57.76,29,62,10.11,broken clouds
664,Hualmay,PE,-11.0964,-77.6139,66.38,85,21,7.43,few clouds
665,San Cristobal,VE,7.7669,-72.225,68.18,96,99,3.15,overcast clouds
666,Newport,GB,51.5877,-2.9984,48.69,86,59,6.26,broken clouds
667,Valley City,US,46.9233,-98.0032,27.12,100,100,28.77,mist
668,Whitehorse,CA,60.7161,-135.0538,32.02,46,75,10.36,broken clouds
669,Brownsville,US,25.9018,-97.4975,79.09,85,75,9.22,broken clouds
670,Cambui,BR,-22.6122,-46.0575,55.31,97,28,3.89,scattered clouds
671,Fairbanks,US,64.8378,-147.7164,41.0,30,0,8.05,clear sky
672,Mnogovershinnyy,RU,53.9353,139.9242,29.37,85,76,5.48,broken clouds
673,Krasnogvardeyskiy,RU,57.3793,62.3195,34.7,92,94,3.04,overcast clouds
674,Taywarah,AF,33.35,64.4167,50.59,57,92,8.1,light rain
675,Shiraoi,JP,42.55,141.35,54.21,72,100,9.22,overcast clouds
676,Yangjiang,CN,21.85,111.9667,70.32,78,100,9.24,light rain
677,Olavarria,AR,-36.8927,-60.3225,58.01,88,74,5.19,broken clouds
678,Zhuhai,CN,22.2769,113.5678,73.18,83,40,10.36,scattered clouds
679,Mzimba,MW,-11.9,33.6,62.46,94,49,6.62,scattered clouds
680,Tocopilla,CL,-22.092,-70.1979,63.63,74,32,4.88,scattered clouds
681,Urubicha,BO,-15.3833,-62.95,66.36,75,1,3.36,clear sky
682,Iquique,CL,-20.2208,-70.1431,60.84,76,36,4.14,scattered clouds
683,Poco Das Trincheiras,BR,-9.3125,-37.2856,72.72,92,90,5.48,light rain
684,Mitu,CO,1.1983,-70.1733,72.7,98,86,2.59,overcast clouds
685,Serabu,SL,7.7958,-12.0536,76.59,80,100,3.18,overcast clouds
686,Qandala,SO,11.472,49.8728,83.68,60,1,5.79,clear sky
687,Lyngseidet,NO,69.5763,20.2189,37.4,94,100,8.08,light rain
688,Semut,PH,6.6636,122.2189,86.09,76,100,7.49,overcast clouds
689,Bathsheba,BB,13.2167,-59.5167,79.41,78,40,19.57,scattered clouds
690,Coahuayana,MX,18.7333,-103.6833,71.96,84,99,1.99,overcast clouds
691,Alvorada,BR,-12.48,-49.1247,72.46,96,98,4.65,light rain
692,Mozarlandia,BR,-14.7447,-50.5706,71.6,68,85,5.66,overcast clouds
693,Chernyshevskiy,RU,63.0128,112.4714,28.76,81,100,15.99,overcast clouds
694,Bambanglipuro,ID,-7.95,110.2833,87.67,64,79,0.65,broken clouds
695,Ritchie,ZA,-29.038,24.6028,54.61,82,0,4.61,clear sky
696,Beyneu,KZ,45.3167,55.2,61.41,37,0,5.79,clear sky
697,Abeche,TD,13.8292,20.8324,86.04,38,83,5.91,broken clouds
698,Dong Xoai,VN,11.5333,106.9167,89.94,53,38,4.97,scattered clouds
699,Mizdah,LY,31.4451,12.9801,56.35,54,11,7.36,few clouds
700,Kununurra,AU,-15.7667,128.7333,91.38,62,2,5.75,clear sky
701,Oskarshamn,SE,57.2645,16.4484,37.74,80,87,4.03,overcast clouds
702,Powell River,CA,49.8496,-124.5361,50.18,53,75,10.36,broken clouds
703,Eyrarbakki,IS,63.863,-21.1481,39.25,69,15,2.84,few clouds
